EVTNAME_EADI_001;Sea Creatures Out Of Nowhere;;;;;;;;;;;;;x
EVTDESC_EADI_001;Strange creatures set fin in our seas today, having sailed on unusual ships, and tried to gain an audience. They arrived with gifts and unusual goods that no one had ever seen. None of the courtiers understood their strange, melodious language, but it seems that they wanted to buy land for themselves in exchandge for they goods. Rejected, they seem to have become desperate and quickly set off, heading for a strange mist in the midst of the still currents, from which they appear to have arrived.;;;;;;;;;;;;;x
EVTOPTA_EADI_001;I have a bad feeling about this...;;;;;;;;;;;;;x
EVTNAME_EADI_002;Sea Creatures Out Of Nowhere;;;;;;;;;;;;;x
EVTDESC_EADI_002;There are rumors of strange creatures mooring among the many oceans and trying to buy land from local rulers in exchange for unusual goods. Being rejected over and over again, they become more and more desperate, clearly planning to get what they want by force.;;;;;;;;;;;;;x
EVTOPTA_EADI_002;Hah! - Only Dolphins can be sentient.;;;;;;;;;;;;;x
EVTNAME_EADI_004;Invasion From Sea Creatures;;;;;;;;;;;;;x
EVTDESC_EADI_003;A huge fleet emerged from the fog of the sea. Countless legions of warriors in shining armor set fin in our seas, and lined up in battle formations, began to march towards our cities and castles!;;;;;;;;;;;;;x
EVTOPTA_EADI_003;[This.Religion.GetRandomGodNameCap] have Mercy!;;;;;;;;;;;;;x
EVTDESCA_EADI_004;Thousands of strange ships arrived to the seas, spewing out countless legions of strange warriors in shinig armor stepped ashore. It is not known where they came from, for their appearance and language are not described anywhere in our scriptures, and some believe that these foreigners came from another ocean...;;;;;;;;;;;;;x
EVTDESCB_EADI_004;Thousands of strange ships arrived to the seas, spewing out countless legions of strange warriors in shinig armor stepped ashore. It is not known where they came from, for their appearance and language are not described anywhere in our scriptures, and some believe that these foreigners came from another ocean...;;;;;;;;;;;;;x
EVTDESCC_EADI_004;Thousands of strange ships arrived to the seas, spewing out countless legions of strange warriors in shinig armor stepped ashore. It is not known where they came from, for their appearance and language are not described anywhere in our scriptures, and some believe that these foreigners came from another ocean...;;;;;;;;;;;;;x
EVTOPTA_EADI_004;[This.Religion.GetRandomGodNameCap] have Mercy!;;;;;;;;;;;;;x
EVTDESC_EADI_005;There are rumors that hunters have seen strange coral gates in the reefs, that have appeared out of nowhere. It is unknown who was able to build them unnoticed in such a short time, and many believe that they were placed here by magic. The gates are closed most of the time, but witnesses said they saw strange, stunted and bearded people coming out of them and quickly returned back if they were noticed.;;;;;;;;;;;;;x
EVTOPTA_EADI_005;This is definitely not good...;;;;;;;;;;;;;x
EVTNAME_EADI_006;A Gates In The Reefs;;;;;;;;;;;;;x
EVTDESC_EADI_006;There are rumors that hunters have seen strange coral gates in the reefs, that have appeared out of nowhere. It is unknown who was able to build them unnoticed in such a short time, and many believe that they were placed here by magic. The gates are closed most of the time, but witnesses said they saw strange, stunted and bearded people coming out of them and quickly returned back if they were noticed.;;;;;;;;;;;;;x
EVTOPTA_EADI_006;Nothing bad probably going to happen this time, right?;;;;;;;;;;;;;x
EVTOPTA_EADI_006_F;So the Khazuk have escaped too...;;;;;;;;;;;;;x
EVTNAME_EADI_008;The Orca Invasion;;;;;;;;;;;;;x
EVTDESC_EADI_007;Thousands of warriors, armed with spears and axes, began to descend from the reefs, emerging from the mysterious coral gates. It seems that these mysterious creatures came with the help of magic from the same ocean as the other strange creatures ravaging the seas of other oceans...;;;;;;;;;;;;;x
EVTOPTA_EADI_007;[This.Religion.GetRandomGodNameCap] have Mercy!;;;;;;;;;;;;;x
EVTDESCA_EADI_008;Thousands of warriors, armed with spears and axes, began to descend from the reefs, emerging from the mysterious coral gates. It seems that these mysterious creatures came with the help of magic from the same ocean as the other strange creatures ravaging the seas of other seas...;;;;;;;;;;;;;x
EVTDESCB_EADI_008;Thousands of warriors, armed with spears and axes, began to descend from the reefs, emerging from the mysterious coral gates. It seems that these mysterious creatures came with the help of magic from the same ocean as the other strange creatures ravaging the seas of other seas...;;;;;;;;;;;;;x
EVTDESCC_EADI_008;Thousands of warriors, armed with spears and axes, began to descend from the reefs, emerging from the mysterious coral gates. It seems that these mysterious creatures came with the help of magic from the same ocean as the other strange creatures ravaging the seas of other seas...;;;;;;;;;;;;;x
EVTOPTA_EADI_008;As if these "turtles" were not enough!;;;;;;;;;;;;;x
EVTOPTA_EADI_008_F;I thought they would be too stubborn for run away...;;;;;;;;;;;;;x
EVTNAME_EADI_009;A Ship From The South;;;;;;;;;;;;;x
EVTDESC_EADI_009;There are rumors of more strange creatures mooring to the seas and trying to buy land from local rulers in exchange for unusual goods. Being rejected over and over again, they become furious, clearly planning to get what they want by force.;;;;;;;;;;;;;x
EVTOPTA_EADI_009;Is another Turtle Fleet coming?;;;;;;;;;;;;;x
EVTOPTA_EADI_009_F;Looks like Turtles also escaping...;;;;;;;;;;;;;x
EVTDESC_EADI_010;A huge fleet emerged from the fog of the sea. Countless legions of warriors in gilded armor made of chitin set fin on the seas, and lined up in battle formations, began to march towards our cities and castles!;;;;;;;;;;;;;x
EVTNAME_EADI_011;The Octopus Invasion;;;;;;;;;;;;;x
EVTOPTA_EADI_010;When it will end?;;;;;;;;;;;;;x
EVTNAME_EADI_011;The Octopus Invasion;;;;;;;;;;;;;x
EVTDESC_EADI_011;Thousands of strange ships arrived to the seas, spewing out countless legions of strange warriors in gilded armor made from chitin stepped ashore. It seems that these creatures came with the help of magic from the same ocean as the pointed-eared people and stunted creatures, that wage wars in other seas.;;;;;;;;;;;;;x
EVTOPTA_EADI_011;When will these invasions end?;;;;;;;;;;;;;x
EVTOPTA_EADI_011_F;And I kept thinking, when will they show up?;;;;;;;;;;;;;x
EVTNAME_EADI_013;A Second Gates;;;;;;;;;;;;;x
EVTDESC_EADI_013;There are rumors that hunters have seen strange coral gates in the reefs, that have appeared out of nowhere. They are wery similar to the gates, that appear in other oceans, and the are rumors, that someone came out of this gates...;;;;;;;;;;;;;x
EVTOPTA_EADI_013;Another army of "creatures", huh?;;;;;;;;;;;;;x
EVTOPTA_EADI_013_F;I had no doubt that they would appear.;;;;;;;;;;;;;x
EVTNAME_EADI_015;The Shark Invasion;;;;;;;;;;;;;x
EVTDESC_EADI_015;Thousands of shark warriors in bronze-like armor, armed with maces and axes, began to descend from the reefs, emerging from the mysterious coral gates. The way they arriwed is similar to the way of those "orcas" in other seas...;;;;;;;;;;;;;x
EVTOPTA_EADI_015;[This.Religion.GetRandomGodNameCap] have Mercy!;;;;;;;;;;;;;x
EVTOPTA_EADI_015_F;Looks like their giant magic golem did work after all.;;;;;;;;;;;;;x
#Realm Fallen Events
EADITITLE46;The Fall of Atherillion;;;;;;;;;;;;;x
EADIDESC46;The once proud Kingdom of Aterillion is now in ruins, for the turtle forces have been completely defeated by the defenders of the dolphin kingdoms. The roads are full of refugee turtles who have nowhere to go.;;;;;;;;;;;;;x
EVTOPTA_EADI_46_A;Good riddance!;;;;;;;;;;;;;x
EVTOPTA_EADI_46_F;Oh, well.;;;;;;;;;;;;;x
EADITITLE47;The Fall of Kharazd-Zhadum;;;;;;;;;;;;;x
EADIDESC47;The once proud Kingdom of Kharazd-Zhadum is now in ruins, for the Orca forces have been completely defeated by the defenders of the dolphin kingdoms. The roads are full of refugee Orcas who have nowhere to go.;;;;;;;;;;;;;x
EADITITLE48;The Fall of Damereth;;;;;;;;;;;;;x
EADIDESC48;The once proud Kingdom of Damereth is now in ruins, for the octopus forces have been completely defeated by the defenders of the dolphin kingdoms. The roads are full of refugee octopus who have nowhere to go.;;;;;;;;;;;;;x
EADITITLE49;The Fall of Dwur Ashu'ur;;;;;;;;;;;;;x
EADIDESC49;The once proud Kingdom of Dwur Ashu'ur is now in ruins, for the shark forces have been completely defeated by the defenders of the dolphin kingdoms. The roads are full of refugee sharks who have nowhere to go.;;;;;;;;;;;;;x
EADITITLE50;The Fall of Tar-Eremket;;;;;;;;;;;;;x
EADIDESC50;The once proud Kingdom of Tar-Eremket is now in ruins, for the catfish forces have been completely defeated by the defenders of the dolphin kingdoms. The roads are full of refugee cathrians who have nowhere to go.;;;;;;;;;;;;;x
#
EVTNAME_EADI_016;A Giant Sandstorm;;;;;;;;;;;;;x
EVTDESC_EADI_016;There are rumors that an unusual sandstorm has broken out, which has been going on for several weeks. Those desert dwellers who managed to get into the heart of the storm say that they heard the sounds of a huge army marching under a curtain of flying sand, although they did not see anyone or anything.;;;;;;;;;;;;;x
EVTOPTA_EADI_016;No more invasion, please!;;;;;;;;;;;;;x
EVTOPTA_EADI_016_F;Looks like our desert friends are next.;;;;;;;;;;;;;x
EVTNAME_EADI_017;The Catfish Invasion;;;;;;;;;;;;;x
EVTDESC_EADI_017;A giant sand storm dissipated, revealing to the ocean a huge army of unknown creatures, similar to humans and beasts at the same time. These catlike creatures also set out to take the new seas of this ocean by force...;;;;;;;;;;;;;x
EVTOPTA_EADI_017;Is there really no more places in the ocean that was not been attacked?;;;;;;;;;;;;;x
EVTOPTA_EADI_017_F;Soon their merchants will again flood the whole ocean...;;;;;;;;;;;;;x
#
EADITITLE36;The Realm of the Turtles;;;;;;;;;;;;;x 
EADIDESC36;Overcoming the resistance of local rulers, the turtles conquered the kingdom on another ocean. A huge number of settlers from the home-ocean of these creatures settled these seas, and although some of the local population and feudal lords remained on their seas, it is unlikely that they will be able to resist the forces of the invaders.;;;;;;;;;;;;;x  
EVTOPTA_EADI_36_A;These "turtles" won't last long.;;;;;;;;;;;;;x
EVTOPTA_EADI_36_B;I wonder how it feels to guide your people in a completely alien ocean?;;;;;;;;;;;;;x
EADITITLE37;The Realm of the Orcas;;;;;;;;;;;;;x 
EADIDESC37;Overcoming the resistance of local rulers, the orcas conquered the kingdom on another ocean. A huge number of settlers from the home-ocean of these creatures settled these seas, and although some of the local population and feudal lords remained on their seas, it is unlikely that they will be able to resist the forces of the invaders.;;;;;;;;;;;;;x 
EVTOPTA_EADI_37_A;I am sure that sooner or later these "orcas" will be defeated.;;;;;;;;;;;;;x  
EVTOPTA_EADI_37_F;Stubborn beardies are not so easy to expel.;;;;;;;;;;;;;x
EVTOPTA_EADI_37_B;I wonder how it feels to guide your people in a completely alien ocean?;;;;;;;;;;;;;x
EVTOPTA_EADI_37_B_F;Sometimes, I wonder if I was an Orca...;;;;;;;;;;;;;x
EADITITLE38;The Realm of the Octopus;;;;;;;;;;;;;x 
EADIDESC38;Overcoming the resistance of local rulers, the octopus conquered the kingdom. A huge number of settlers from the home-ocean of these creatures settled these seas, and although some of the local population and feudal lords remained on their seas, it is unlikely that they will be able to resist the forces of the invaders.;;;;;;;;;;;;;x 
EVTOPTA_EADI_38_A;Those odd fanatics will meet their defeat sooner or later.;;;;;;;;;;;;;x
EVTOPTA_EADI_38_F;You can't defeat Whale Overseers so easely.;;;;;;;;;;;;;x
EVTOPTA_EADI_38_B;I wonder how it feels to guide your people in a completely alien ocean?;;;;;;;;;;;;;x
EVTOPTA_EADI_38_B_F;Sometimes I wonder if I was a Octopus...;;;;;;;;;;;;;x
EADITITLE39;The Realm of the Sharks;;;;;;;;;;;;;x
EADIDESC39;Overcoming the resistance of local rulers, the sharks conquered the kingdom. A huge number of settlers from the home-ocean of these creatures settled these seas, and although some of the local population and feudal lords remained on their seas, it is unlikely that they will be able to resist the forces of the invaders.;;;;;;;;;;;;;x 
EVTOPTA_EADI_39_A;I doubt that these mad scholastics will be able to hold on to their conquest.;;;;;;;;;;;;;x
EVTOPTA_EADI_39_F;Maybe they're not so stubborn as their cousins, but still.;;;;;;;;;;;;;x
EVTOPTA_EADI_39_B;I wonder how it feels to guide your people in a completely alien ocean?;;;;;;;;;;;;;x
EVTOPTA_EADI_39_B_F;Sometimes I wonder if I was a Shark...;;;;;;;;;;;;;x
EADITITLE40;The Realm of the Catfish;;;;;;;;;;;;;x
EADIDESC40;Overcoming the resistance of local rulers, the sharks conquered the kingdom. A huge number of settlers from the home-ocean of these creatures settled these seas, and although some of the local population and feudal lords remained on their seas, it is unlikely that they will be able to resist the forces of the invaders.;;;;;;;;;;;;;x 
EVTOPTA_EADI_40_A;These creatures will be hunted down and killed like the beasts they are.;;;;;;;;;;;;;x   
EVTOPTA_EADI_40_F;So, they has finally found their "Blessed Currents"?;;;;;;;;;;;;;x   
EVTOPTA_EADI_40_B;I wonder how it feels to guide your people in a completely alien ocean?;;;;;;;;;;;;;x
EVTOPTA_EADI_40_B_F;Sometimes I wonder if I was a Catfish...;;;;;;;;;;;;;x
EVTNAME_EADI_051;The Sundering;;;;;;;;;;;;;x
EVTDESC_EADI_051;It seems that creatures from another ocean are not as united as they seem. The tribes of nomads of the octopus - Kraken, who came along with the sedentary city turtles, no longer intend to live with them due to cultural and religious differences. Hearing about the great seas to the north, the Kraken tribes set out to move, hoping to find a new home in these seas.;;;;;;;;;;;;;x  
EVTOPTA_EADI_051;I don't like where this is going...;;;;;;;;;;;;;x
EVTOPTA_EADI_051_F;And do never come back, you heretics!;;;;;;;;;;;;;x
EVTNAME_EADI_052;The Migration to Dagestan;;;;;;;;;;;;;x
EVTDESC_EADI_052;The Kraken tribes ended their migration by crossing the reefs and arriving in the seas. They immediately launched a war against the local rulers, seeking to conquer this land for their people.;;;;;;;;;;;;;x 
EVTOPTA_EADI_052;Yet another invasion. I'm tired of those...;;;;;;;;;;;;;x
EVTOPTA_EADI_052_F;Interesting...;;;;;;;;;;;;;x
EVTNAME_EADI_053;The Migration;;;;;;;;;;;;;x
EVTDESC_EADI_053;The Kraken tribes ended their migration. They immediately launched a war against the local rulers, seeking to conquer this land for their people.;;;;;;;;;;;;;x   
EVTNAME_EADI_054;The Migration;;;;;;;;;;;;;x
EVTDESC_EADI_054;The Kraken tribes ended their migration. They immediately launched a war against the local rulers, seeking to conquer this land for their people.;;;;;;;;;;;;;x
EVTNAME_EADI_055;The Migration;;;;;;;;;;;;;x
EVTDESC_EADI_055;The Kraken tribes ended their migration . They immediately launched a war against the local rulers, seeking to conquer this land for their people.;;;;;;;;;;;;;x
EVTNAME_EADI_059;The Sundering;;;;;;;;;;;;;x
EVTDESC_EADI_059;It seems that creatures from another ocean are not as united as they seem. Recently, turtle inquisitors discovered a large group of followers of the Cult of Galapagos. The cultists, without waiting for them all to be killed, have quickly embarked on ships and left the seas of the turtles. They intend to build their kingdom where they can freely practice their horrific religion.;;;;;;;;;;;;;x
EVTNAME_EADI_060;Ocean Invaded!;;;;;;;;;;;;;x
EVTDESC_EADI_060;The Cultists of Galapagos, that was expelled from the seas of the turtles, have reached their destination! They immediately launched a war against the local rulers, seeking to conquer this land for their people.;;;;;;;;;;;;;x 
EVTNAME_EADI_061;Ocean Invaded!;;;;;;;;;;;;;x
EVTDESC_EADI_061;The Cultists of Galapagos, that was expelled from the seas of the turtles, have reached their destination! They immediately launched a war against the local rulers, seeking to conquer this land for their people.;;;;;;;;;;;;;x 
EADITITLE64;The Realm of the Tortoise;;;;;;;;;;;;;x
EADIDESC64;Overcoming the resistance of local rulers, the tortoises have conquered the kingdom. A huge number of Nagrathi settlers have settled these seas, and although some of the local population and feudal lords may have survived in the slaughter, it is unlikely that they will be able to resist the forces of the invaders.;;;;;;;;;;;;;x 
EADITITLE94;The Realm of Manatees;;;;;;;;;;;;;x
EADIDESC94;Overcoming the resistance of local rulers, the Manatees conquered the kingdom. A huge number of settlers from the home-ocean of these creatures settled these seas, and although some of the local population and feudal lords remained on their seas, it is unlikely that they will be able to resist the forces of the invaders.;;;;;;;;;;;;;x 
EVTOPTA_EADI_94_A;Let's hope that those "manatees" will soon be defeated.;;;;;;;;;;;;;x
EVTOPTA_EADI_94_B;I wonder how it feels to guide your people in a completely alien ocean?;;;;;;;;;;;;;x
EVTOPTA_EADI_94_B_F;I wonder if I was an Manatees...;;;;;;;;;;;;;x
EVTOPTA_EADI_64_A;Let's hope that those "tortoises" will soon be defeated.;;;;;;;;;;;;;x
EVTOPTB_EADI_64_A;I was hoping that they would be defeated.;;;;;;;;;;;;;x
EVTOPTA_EADI_64_B;I wonder how it feels to guide your people in a completely alien ocean?;;;;;;;;;;;;;x
EVTOPTB_EADI_64_B;I wonder if I was a Nagrathi...;;;;;;;;;;;;;x
EADITITLE65;The Realm of Kraken;;;;;;;;;;;;;x
EADIDESC65;Overcoming the resistance of local rulers, the Kraken tribes have conquered the kingdom in the seas of Great Currents. And although some of the local population and feudal lords remained on their seas, it is unlikely that they will be able to resist the forces of the invaders.;;;;;;;;;;;;;x
EVTOPTA_EADI_65_A;Let's hope that those nomads will soon be defeated.;;;;;;;;;;;;;x
EVTOPTB_EADI_65_A;Interesting...;;;;;;;;;;;;;x
EVTOPTA_EADI_65_B;I wonder how it feels to guide your people in a completely alien ocean?;;;;;;;;;;;;;x
EVTOPTB_EADI_65_B;I wonder if I was a Kraken...;;;;;;;;;;;;;x
EVTNAME_EADI_082;The Dark Gates;;;;;;;;;;;;;x
EVTDESC_EADI_082;A huge coral arch, whose passage is covered with a strange green veil, appeared out of nowhere among the seas of the far east. No one has yet dared to look behind this gate, but those who were brave enough to come closer to the gate swear that they heard the drums of war and the noise of a huge army encamped on the other side.;;;;;;;;;;;;;x
EVTOPTA_EADI_082;Oh, for [This.Religion.GetRandomGodNameCap] sake!;;;;;;;;;;;;;x
EVTOPTA_EADI_082_F;Oh. Sea Cow.;;;;;;;;;;;;;x
EVTNAME_EADI_083;The Sea Cow Invasion;;;;;;;;;;;;;x
EVTDESC_EADI_083;Those who hastened to move away from the mysterious gigantic gates acted wisely, because a gigantic army of green-skinned creatures poured out from there. These so-called Sea Cows seem to have come from the same ocean as the Turtles, Dwarves and Cathrians.;;;;;;;;;;;;;x
EVTOPTA_EADI_083;I'm tired of this.;;;;;;;;;;;;;x
EVTOPTA_EADI_083_F;I hoped they wouldn't follow us...;;;;;;;;;;;;;x
EVTNAME_EADI_084;The Sea Cow Invasion;;;;;;;;;;;;;x
EVTDESC_EADI_084;Those who hastened to move away from the mysterious gigantic gates acted wisely, because a gigantic army of green-skinned creatures poured out from there. These so-called Sea Cows seem to have come from the same ocean as the Turtles, Dwarves and Cathrians.;;;;;;;;;;;;;x
EADITITLE87;The Realm of Sea Cows;;;;;;;;;;;;;x
EADIDESC87;Overcoming the resistance of local rulers, the turtles conquered the kingdom. A huge number of settlers from the home-ocean of these creatures settled these seas, and although some of the local population and feudal lords may remained on their seas, it is unlikely that they will be able to resist the forces of the invaders.;;;;;;;;;;;;;x  
EVTOPTA_EADI_87_A;These "sea cows" surely will be defeated;;;;;;;;;;;;;x
EVTOPTB_EADI_87_A;Well, my condolences to their neighbors.;;;;;;;;;;;;;x
EVTOPTA_EADI_87_B;I wonder how it feels to guide your people in a completely alien ocean?;;;;;;;;;;;;;x
EVTOPTB_EADI_87_B;I wonder if I was an Manatee...;;;;;;;;;;;;;x
EADITITLE88;The Fall of the Manatee Horde;;;;;;;;;;;;;x
EADIDESC88;The once proud Manatee Horde is no more now, for the orc forces have been completely defeated by the defenders of the dolphin realms. The roads are full of refugee orcs who have nowhere to go.;;;;;;;;;;;;;x
EVTNAME_EADI_089;The Sundering;;;;;;;;;;;;;x
EVTDESC_EADI_089;It seems that creatures from another ocean are not as united as they seem. The people of Manatees, who came along with their nomadic brothers - Manatee Gar, no longer intend to live with them due to cultural differences and way of life. Hearing about rich seas of south, the Manatee Hai armies set out to move, hoping to rebuild their own ancient empire in these seas.;;;;;;;;;;;;;x  
EVTNAME_EADI_090;The Manatees March;;;;;;;;;;;;;x
EVTDESC_EADI_090;The Manatees armies have reached their destination! They immediately launched a war against the local rulers, seeking to conquer this land for their people.;;;;;;;;;;;;;x 
EVTNAME_EADI_091;The Manatees March;;;;;;;;;;;;;x
EVTDESC_EADI_091;The Manatees armies have reached their destination! They immediately launched a war against the local rulers, seeking to conquer this land for their people.;;;;;;;;;;;;;x 
#
EVTOPTE_EADAW_7001;Gold and jewelry, to appease with gifts from the depths of the earth!;;;;;;;;;;;;;x 
EVTOPTE_EADAW_7002_gold;With solemn prayers, I offer gold and jewelry to the altar of my ancestors. Having consecrated the offerings, the priest takes the jewelry and lowers them into a specially dug grave so that it can enter the ocean of the dead.;;;;;;;;;;;;;x 
#
EVT_TITLE_EADOAD_4;A Growing Threat;;;;;;;;;;;;;x
EVT_DESC_EADOAD_4_A;A landless turtle noble-born, having gathered sufficient support from his kindred, is preparing to attack you! He wants to seize your seas in order to build an independent kingdom for his people.;;;;;;;;;;;;;x 
EVT_DESC_EADOAD_4_B;A landless orca noble-born, having gathered sufficient support from his kindred, is preparing to attack you! He wants to seize your seas in order to build an independent kingdom for his people.;;;;;;;;;;;;;x 
EVT_DESC_EADOAD_4_C;A landless octopus noble-born, having gathered sufficient support from his kindred, is preparing to attack you! He wants to seize your seas in order to build an independent kingdom for his people.;;;;;;;;;;;;;x 
EVT_DESC_EADOAD_4_D;A landless shark noble-born, having gathered sufficient support from his kindred, is preparing to attack you! He wants to seize your seas in order to build an independent kingdom for his people.;;;;;;;;;;;;;x 
EVT_DESC_EADOAD_4_E;A landless catfish noble-born, having gathered sufficient support from his kindred, is preparing to attack you! He wants to seize your seas in order to build an independent kingdom for his people.;;;;;;;;;;;;;x 
EVT_DESC_EADOAD_4_F;A landless blood turtle noble-born, having gathered sufficient support from his kindred, is preparing to attack you! He wants to seize your seas in order to build an independent kingdom for his people.;;;;;;;;;;;;;x 
#
EVT_DESC_EADOAD_6;After the death of the adventurer, his host plunged into chaos and internal squabbles. Any possible threat from sea creature adventurers has been eliminated so far.;;;;;;;;;;;;;x 
EVT_OPTA_EADOAD_6;Curious...;;;;;;;;;;;;;x
#
EVT_TITLE_EADOAD_10;A fall of Adventurer;;;;;;;;;;;;;x
EVTDESC_EADOAD_10;After the defeat of the adventurer, his troops were scattered and defeated. Any possible threat from sea creature adventurers has been eliminated so far.;;;;;;;;;;;;;x 
EVT_OPTA_EADOAD_10;Curious...;;;;;;;;;;;;;x
#
EVT_TITLE_EADOAD_9;A New Realm;;;;;;;;;;;;;x 
EVT_DESC_EADOAD_9_A;After a long and bloody war, the turtle forces were finally victorious. The leader of the turtle army, [Root.GetDynName], was crowned [Root.GetTitle] of the new empire of [Root.PrimaryTitle.GetFullName].;;;;;;;;;;;;;x 
EVT_DESC_EADOAD_9_B;After a long and bloody war, the orca forces were finally victorious. The leader of the orca army, [Root.GetDynName], was crowned [Root.GetTitle] of the new empire of [Root.PrimaryTitle.GetFullName].;;;;;;;;;;;;;x 
EVT_DESC_EADOAD_9_C;After a long and bloody war, the octopus forces were finally victorious. The leader of the octopus army, [Root.GetDynName], was crowned [Root.GetTitle] of the new empire of [Root.PrimaryTitle.GetFullName].;;;;;;;;;;;;;x 
EVT_DESC_EADOAD_9_D;After a long and bloody war, the shark forces were finally victorious. The leader of the shark army, [Root.GetDynName], was crowned [Root.GetTitle] of the new empire of [Root.PrimaryTitle.GetFullName].;;;;;;;;;;;;;x 
EVT_DESC_EADOAD_9_E;After a long and bloody war, the catfish forces were finally victorious. The leader of the catfish army, [Root.GetDynName], was crowned [Root.GetTitle] of the new empire of [Root.PrimaryTitle.GetFullName].;;;;;;;;;;;;;x 
EVT_OPTA_EADOAD_9;This new realm won't last long;;;;;;;;;;;;;x 
#
EVT_TITLE_EADOAD_11;The Sea Creature Adventurers;;;;;;;;;;;;;x 
EVTDESC_EADOAD_11;After the fall of one of the realms of creatures from another ocean, numerous displaced nobles and warriors from the fallen realm set off on a journey around the ocean. These adventurers accumulate strength in order to conquer another kingdom for their people in the distant future.;;;;;;;;;;;;;x 
EVT_OPTA_EADOAD_11;Worrysome...;;;;;;;;;;;;;x 
#
EVT_TITLE_EADOAD_13;Rise of the Adventurer;;;;;;;;;;;;;x 
EVT_DESC_EADOAD_13_A;One landless turtle nobleman managed to gather support of numerous other landless nobles and turtle mercenaries. Gathering an impressive army, this adventurer plans to conquer one of the kingdoms in order to establish an independent realm for his people.;;;;;;;;;;;;;x  
EVT_DESC_EADOAD_13_B;One landless leader of a orca clan managed to gather support of numerous other landless clans and orca mercenaries. Gathering an impressive army, this adventurer plans to conquer one of the kingdoms in order to establish an independent realm for his people.;;;;;;;;;;;;;x 
EVT_DESC_EADOAD_13_C;One leader of a noble house of the octopus managed to gather support of numerous other small noble houses and octopus mercenaries. Gathering an impressive army, this adventurer plans to conquer one of the kingdoms of the Middle East in order to establish an independent realm for his people.;;;;;;;;;;;;;x 
EVT_DESC_EADOAD_13_D;One landless leader of a shark clan managed to gather support of numerous other landless clans and shark mercenaries. Gathering an impressive army, this adventurer plans to conquer one of the kingdoms of the Middle East in order to establish an independent realm for his people.;;;;;;;;;;;;;x 
EVT_DESC_EADOAD_13_E;One clan leader of the catfish clan was able to gather support of numerous other clans and catfish mercenaries. Gathering an impressive army, this adventurer plans to conquer one of the kingdoms in order to establish an independent realm for his people.;;;;;;;;;;;;;x 
EVT_DESC_EADOAD_13_F;One landless blood turtle nobleman managed to gather support of numerous other landless nobles and turtle mercenaries. Gathering an impressive army, this adventurer plans to conquer one of the kingdoms in order to establish an independent realm for his people.;;;;;;;;;;;;;x  
EVT_DESC_EADOAD_13_G;One orc warchief was able to gather support of numerous other orc clans and mercenaries. Gathering an impressive army, this adventurer plans to conquer one of the kingdoms in order to establish an independent realm for his people.;;;;;;;;;;;;;x 
EVT_OPTA_EADOAD_13;I doubt that they will succeed.;;;;;;;;;;;;;x  
#
EVTDESC_EADESCOIA_1;The local sea creature population was far from happy about the new rulers. Rumor has it that in the sea creature provinces, armed partisan groups have emerged that rob or slay tax collectors and merchant caravans, actively supported by the local population. As long as they are ruled by a dolphin, the locals will create constant problems.;;;;;;;;;;;;;x
EVTOPTA_EADESCOIA_1;Damned undolphins!;;;;;;;;;;;;;x
EVTDESC_EADESCOIA_2;After the local inhuman population was driven out by our settlers, the sea creature partisan groups finally lost support and were destroyed.;;;;;;;;;;;;;x
EVTOPTA_EADESCOIA_2;Finally...;;;;;;;;;;;;;x
EVTDESC_EADESCOIA_3;Having accumulated enough strength, the local partisans openly challenged our rule! The rebels intend to establish their own independent kingdom by force, where their people will not be oppressed by humans.;;;;;;;;;;;;;x
EVTOPTA_EADESCOIA_3;Damned undolphins!;;;;;;;;;;;;;x
EVTDESC_EADESCOIA_4;Having accumulated enough strength, the local partisans openly challenged our rule! The rebels intend to establish their own independent kingdom by force, where their people will not be oppressed by humans.;;;;;;;;;;;;;x
EVTOPTA_EADESCOIA_4;Damned undolphins!;;;;;;;;;;;;;x
EVTDESC_EADESCOIA_6;Another army of sea creature partisans rise up to reinforce the ongoing rebellion!;;;;;;;;;;;;;x
EVTOPTA_EADESCOIA_6;Damned undolphins!;;;;;;;;;;;;;x
EVTDESC_EADESCOIA_8;After the accession of the ruler from their culture, the local otherworldly population finally calmed down. The partisan groups were disbanded, and their fighters returned to peaceful life.;;;;;;;;;;;;;x 
EVTOPTA_EADESCOIA_8;Finally...;;;;;;;;;;;;;x 
EVTDESC_EADESCOIA_11;The leader of the local partisans can accept our offer of autonomy, provided that you transfer rebellious province to his rule. In exchange, he promises to become your loyal vassal.;;;;;;;;;;;;;x 
EVTOPTA_EADESCOIA_11;I hope that this will pacify the local population.;;;;;;;;;;;;;x 
EVTOPTA_EADESCOIA_11_NO;Actually, I have changed my mind.;;;;;;;;;;;;;x 
pissed_off_scoiataels;This can provoke a rebellion.;;;;;;;;;;;;;x
EVTDESC_EADESCOIA_12;Local partisan agitators have seriously increased the level of hatred of the local population towards local dolphin rulers, increasing the possibility of an uprising in one of our province.;;;;;;;;;;;;;x  
EVTDESC_EADESCOIA_13;Local partisans groups have increased their robbery in this province, attacking our merchants and tax collectors. We can hardly expect large treasury receipts from this province.;;;;;;;;;;;;;x  
EVTDESC_EADESCOIA_14;Local partisans groups have intensified their attacks on local militias and are actively cutting off supplies in the province. The passage of a large army through this province is fraught with heavy casualties.;;;;;;;;;;;;;x
EVTDESC_EADESCOIA_15;Local partisans groups have suffered serious casualties during clashes with the local militia. While their presence is still significant in this province, the partisans will not pose a serious threat in the next few years.;;;;;;;;;;;;;x 
EVTOPTA_EADESCOIA_15;[Root.Religion.GetRandomGodNameCap] be praised!;;;;;;;;;;;;;x
EVTDESC_EADESCOIA_16;Local partisans groups have suffered heavy casualties during clashes with the local militia. While partisans is still exist in this province, it will take years for them to recover.;;;;;;;;;;;;;x
EVTDESC_EADESCOIA_17;It seems that under the influence of local partisans, the local population has renounced our religion in favor of their old beliefs. The efforts of our missionaries were wasted.;;;;;;;;;;;;;x
EVTOPTA_EADESCOIA_17;Damned apostates!;;;;;;;;;;;;;x  
#
EVTDESC_EADEM_3;A group of sea creature settlers have begun settling in [From.GetName], while normally we could ignore the politics of the peasant rabble they have been gradually increasing their number to the point where they will outnumber the local population there! The otherwordeners are incredibly independent and it will be impossible to govern [From.GetName] unless we take action!;;;;;;;;;;;;;;x 
EVTOPTA_EADEM_3;Let the settlers settle there, I never liked [From.GetName] anyway.;;;;;;;;;;;;;x  
EVTOPTB_EADEM_3;Drive them out of our land!;;;;;;;;;;;;;x  
EVTOPTC_EADEM_3;Let them have this land, we can get rid of [From.GetName].;;;;;;;;;;;;;x
EVTDESC_EADEM_4;Sea Creature migrators have settled into one of our realm provinces, displacing the local population. As our liege is a sea creature himself, there is little we can do about this.;;;;;;;;;;;;;x
EADEM.5.desc;Our liege has decided to let sea creature migrators settle into one of our provinces, there is little we can do about this.;;;;;;;;;;;;;x
EADEM.5.a;Does he prefer these filthy otherwordeners over me?!;;;;;;;;;;;;;x
#Diaspora
EVTDESCA_EADENCLAVE_2;A group of turtle merchants have arrived at your court. Apparently, they want to establish a trade route to your province an humbly asking for your permission.;;;;;;;;;;;;;x
EVTDESCB_EADENCLAVE_2;A group of orca merchants have arrived at your court. Apparently, they want to establish a trade route to your province an humbly asking for your permission.;;;;;;;;;;;;;x
EVTDESCC_EADENCLAVE_2;A group of octopus merchants have arrived at your court. Apparently, they want to establish a trade route to your province an humbly asking for your permission.;;;;;;;;;;;;;x
EVTDESCD_EADENCLAVE_2;A group of shark merchants have arrived at your court. Apparently, they want to establish a trade route to your province an humbly asking for your permission.;;;;;;;;;;;;;x
EVTDESCE_EADENCLAVE_2;A group of catfish merchants have arrived at your court. Apparently, they want to establish a trade route to your province an humbly asking for your permission.;;;;;;;;;;;;;x
EVTOPTA_EADENCLAVE_2;Sure, they can establish they route.;;;;;;;;;;;;;x
EVTOPTB_EADENCLAVE_2;I don't think so.;;;;;;;;;;;;;x
EVTDESC_EADENCLAVE_3;It seems that the traderoute established bu turtles in one of our provinces have attracted a big amount of their kind. And althrough their numbers is relatively small, comparing to local populations, their presence is a common thing there now.;;;;;;;;;;;;;x
EVTDESC_EADENCLAVE_4;It seems that the traderoute established bu orcas in one of our provinces have attracted a big amount of their kind. And althrough their numbers is relatively small, comparing to local populations, their presence is a common thing there now.;;;;;;;;;;;;;x
EVTDESC_EADENCLAVE_5;It seems that the traderoute established bu octopus in one of our provinces have attracted a big amount of their kind. And althrough their numbers is relatively small, comparing to local populations, their presence is a common thing there now.;;;;;;;;;;;;;x
EVTDESC_EADENCLAVE_6;It seems that the traderoute established by sharks in one of our provinces have attracted a big amount of their kind. And althrough their numbers is relatively small, comparing to local populations, their presence is a common thing there now.;;;;;;;;;;;;;x
EVTDESC_EADENCLAVE_7;It seems that the traderoute established by cathrians in one of our provinces have attracted a big amount of their kind. And althrough their numbers is relatively small, comparing to local populations, their presence is a common thing there now.;;;;;;;;;;;;;x
EVTOPTA_EADENCLAVE_3;I hope they don't cause any troubles.;;;;;;;;;;;;;x
EVTDESC_EADENCLAVE_13;It seems that one of our turtle vassals have attracted a big amount of their kind in his domain. There is sufficient population of the turtles now.;;;;;;;;;;;;;x
EVTDESC_EADENCLAVE_14;It seems that one of our orca vassals have attracted a big amount of their kind in his domain. There is sufficient population of the orca now.;;;;;;;;;;;;;x
EVTDESC_EADENCLAVE_15;It seems that one of our octopus vassals have attracted a big amount of their kind in his domain. There is sufficient population of the octopus now.;;;;;;;;;;;;;x
EVTDESC_EADENCLAVE_16;It seems that one of our shark vassals have attracted a big amount of their kind in his domain. There is sufficient population of the shark now.;;;;;;;;;;;;;x
EVTDESC_EADENCLAVE_47;It seems that one of our orcish vassals have attracted a big amount of their kind in his domain. There is sufficient population of the cathrians now.;;;;;;;;;;;;;x
EVTDESC_EADENCLAVE_17;I hope they don't cause any troubles.;;;;;;;;;;;;;x
EVTDESC_EADENCLAVE_20;As the population of the province has become majority turtle, the turtle diaspora has melded into the wider population.;;;;;;;;;;x
EVTDESC_EADENCLAVE_21;As the population of the province has become majority orca, the orca diaspora has melded into the wider population.;;;;;;;;;;x
EVTDESC_EADENCLAVE_22;As the population of the province has become majority octopus, the octopus diaspora has melded into the wider population.;;;;;;;;;;x
EVTDESC_EADENCLAVE_23;As the population of the province has become majority shark, the shark diaspora has melded into the wider population.;;;;;;;;;;x
EVTDESC_EADENCLAVE_24;As the population of the province has become majority catfish, the catfish diaspora has melded into the wider population.;;;;;;;;;;x
EVTOPTA_EADENCLAVE_20;Okay.;;;;;;;;;;x
EVTDESC_EADENCLAVE_25;A community of turtles has become established within your province, will you allow them to remain?;;;;;;;;;;x
EVTDESC_EADENCLAVE_26;A community of orcas has become established within your province, will you allow them to remain?;;;;;;;;;;x
EVTDESC_EADENCLAVE_27;A community of octopus has become established within your province, will you allow them to remain?;;;;;;;;;;x
EVTDESC_EADENCLAVE_28;A community of sharks has become established within your province, will you allow them to remain?;;;;;;;;;;x
EVTDESC_EADENCLAVE_29;A community of cathrians has become established within your province, will you allow them to remain?;;;;;;;;;;x
EVTDESC_EADENCLAVE_44;A community of orcs has become established within your province, will you allow them to remain?;;;;;;;;;;x
EVTOPTA_EADENCLAVE_25;They may stay.;;;;;;;;;;x
EVTOPTB_EADENCLAVE_25;Drive them from their camps and seize their goods!;;;;;;;;;;x
EVTDESC_EADENCLAVE_30;The minority turtle population of your province has moved elsewhere, they may some day ask to return.;;;;;;;;;;x
EVTDESC_EADENCLAVE_31;The minority orca population of your province has moved elsewhere, they may some day ask to return.;;;;;;;;;;x
EVTDESC_EADENCLAVE_32;The minority octopus population of your province has moved elsewhere, they may some day ask to return.;;;;;;;;;;x
EVTDESC_EADENCLAVE_33;The minority shark population of your province has moved elsewhere, they may some day ask to return.;;;;;;;;;;x
EVTDESC_EADENCLAVE_34;The minority catfish population of your province has moved elsewhere, they may some day ask to return.;;;;;;;;;;x
EVTDESC_EADENCLAVE_45;The minority orcish population of your province has moved elsewhere, they may some day ask to return.;;;;;;;;;;x
EVTOPTA_EADENCLAVE_30;Okay.;;;;;;;;;;x
EVTOPTA_EADENCLAVE_35;Welcome Brother!;;;;;;;;;x
EVTDESC_EADENCLAVE_35;A petty Turtle noble, fleeing persecution elsewhere, has showed up at your court. His time spent abroad has gifted him with many connections, and by all accounts he is an able diplomat. He would make a fine chancellor.;;;;;;;;;x
EVTDESC_EADENCLAVE_36;A mysterious tortoise assassin has offered his services at your court. He is well-versed in feudal court intrigue and has a past as both a assassin and a spy. If he can be trusted, he could very well prove to be an indispensable asset in your council...;;;;;;;;;x
EVTDESC_EADENCLAVE_37;A mysterious sea creature assassin has offered his services at your court. He is well-versed in feudal court intrigue and has a past as both a assassin and a spy. If he can be trusted, he could very well prove to be an indispensable asset in your council...;;;;;;;;;x
EVTDESC_EADENCLAVE_38;A learned sea creature has appeared at your court. He comes highly recommended in the arts of bookkeeping and administration. Already he has suggested several ways of improving the bureaucratic efficiency of the realm, and he could potentially make a fine steward.;;;;;;;;;x
EVTDESC_EADENCLAVE_39;A robust sea creature Warrior has offered his services at your court. He is well-versed in military strategy and has a past a mercenary. If he can be trusted, he could very well prove to be an indispensable asset to your military forces.;;;;;;;;;x
EVTDESC_EADENCLAVE_40;A sea creature Scholar has arrived at your court offering his services. He is a very learned man and would make an excellent court physician if he can be trusted.;;;;;;;;;x
EVTDESC_EADENCLAVE_41;A learned sea creature has appeared at your court. He comes highly recommended in the arts of bookkeeping and administration. Already he has suggested several ways of improving the bureaucratic efficiency of the realm, and he could potentially make a fine steward.;;;;;;;;;x
EVTDESC_EADENCLAVE_42;A robust Kraken Warrior has offered his services at your court. He is well-versed in military strategy and has a past a mercenary. If he can be trusted, he could very well prove to be an indispensable asset to your military forces.;;;;;;;;;x
EVTDESC_EADENCLAVE_43;A wealthy Catfish Merchant has arrived at your court. He is learned in the ways of general stewardship and money management and he will be a valuable asset to your realm. He has additionally has offered you a gift of gold.;;;;;;;;;x
EVTOPTA_EADENCLAVE_13;Interesting...;;;;;;;;;;x